t,ref_x,ref_y,ref_psi,act_x,act_y,act_psi,act_u,act_v,act_r,t1,t2,t3,t4
0.000,0.0000,0.0000,2.1007,0.0000,0.0000,1.9326,0.0030,-0.0023,0.1113,40.0000,40.0000,-11.6941,-3.3511
0.100,-0.0445,0.0761,2.1006,-0.0008,0.0025,1.9426,0.0256,-0.0013,0.1016,40.0000,40.0000,-11.3443,-3.9144
0.200,-0.0891,0.1521,2.1005,-0.0134,0.0260,1.9507,0.1844,0.0214,0.0718,40.0000,40.0000,-10.7387,-3.0039
0.300,-0.1336,0.2281,2.1002,-0.0435,0.0778,1.9583,0.4266,0.0603,0.0796,35.6543,39.3113,-8.2293,-1.2334
0.400,-0.1780,0.3041,2.0999,-0.0891,0.1539,1.9666,0.6818,0.1013,0.0881,23.6476,26.9572,-5.4113,0.9200
0.500,-0.2224,0.3800,2.0994,-0.1460,0.2478,1.9749,0.9036,0.1336,0.0772,12.6357,15.7603,-3.1038,2.8738
0.600,-0.2667,0.4559,2.0989,-0.2085,0.3501,1.9827,1.0505,0.1520,0.0757,4.7951,7.6860,-1.2801,4.2502
0.700,-0.3109,0.5318,2.0982,-0.2707,0.4516,1.9901,1.1089,0.1549,0.0810,0.8914,3.5195,-0.1546,4.8732
0.800,-0.3550,0.6075,2.0974,-0.3285,0.5465,1.9970,1.0946,0.1440,0.0691,0.4155,2.8287,0.2044,4.8209
0.900,-0.3989,0.6832,2.0966,-0.3801,0.6336,2.0034,1.0394,0.1218,0.0719,2.1699,4.2977,-0.0398,4.0307
1.000,-0.4427,0.7588,2.0956,-0.4255,0.7133,2.0092,0.9666,0.0955,0.0692,5.1219,6.9834,-0.6444,2.9167
1.100,-0.4864,0.8343,2.0946,-0.4665,0.7886,2.0144,0.9061,0.0705,0.0426,7.7796,9.4987,-1.4781,1.8106
1.200,-0.5299,0.9096,2.0934,-0.5049,0.8617,2.0190,0.8627,0.0491,0.0381,9.8677,11.3626,-2.1308,0.7292
1.300,-0.5731,0.9849,2.0921,-0.5419,0.9341,2.0232,0.8381,0.0330,0.0327,11.1414,12.4328,-2.6073,-0.1367
1.400,-0.6162,1.0600,2.0907,-0.5795,1.0077,2.0269,0.8349,0.0243,0.0324,11.3826,12.4682,-2.7311,-0.6543
1.500,-0.6590,1.1349,2.0892,-0.6188,1.0830,2.0300,0.8451,0.0234,0.0228,10.8470,11.8009,-2.5360,-0.7110
1.600,-0.7016,1.2097,2.0876,-0.6601,1.1596,2.0327,0.8591,0.0276,0.0363,10.0831,10.8118,-1.9101,-0.5161
1.700,-0.7440,1.2844,2.0859,-0.7026,1.2365,2.0349,0.8688,0.0332,0.0213,9.3624,10.0215,-1.3799,-0.1190
1.800,-0.7860,1.3588,2.0841,-0.7458,1.3131,2.0367,0.8731,0.0388,0.0104,8.8677,9.4438,-0.7997,0.3024
1.900,-0.8278,1.4331,2.0821,-0.7894,1.3892,2.0383,0.8747,0.0436,0.0245,8.5332,8.9133,-0.0844,0.6427
2.000,-0.8693,1.5072,2.0801,-0.8330,1.4648,2.0395,0.8718,0.0459,0.0119,8.3383,8.6476,0.3540,0.9459
2.100,-0.9104,1.5811,2.0779,-0.8758,1.5395,2.0404,0.8643,0.0441,0.0060,8.3954,8.6000,0.6127,1.0040
2.200,-0.9512,1.6547,2.0756,-0.9174,1.6136,2.0410,0.8553,0.0388,-0.0074,8.5281,8.6575,0.6184,0.8659
2.300,-0.9917,1.7282,2.0731,-0.9579,1.6871,2.0414,0.8458,0.0326,-0.0122,8.7253,8.7406,0.5938,0.6231
2.400,-1.0318,1.8014,2.0706,-0.9976,1.7603,2.0415,0.8388,0.0264,0.0009,8.8567,8.6787,0.6519,0.3115
2.500,-1.0715,1.8743,2.0679,-1.0366,1.8336,2.0412,0.8347,0.0201,-0.0144,8.7655,8.5293,0.4950,0.0433
2.600,-1.1108,1.9470,2.0651,-1.0750,1.9070,2.0406,0.8306,0.0142,0.0029,8.7351,8.2988,0.5151,-0.3196
2.700,-1.1497,2.0194,2.0621,-1.1127,1.9798,2.0396,0.8238,0.0107,-0.0046,8.7741,8.2586,0.4869,-0.4993
2.800,-1.1882,2.0916,2.0590,-1.1504,2.0523,2.0382,0.8201,0.0100,-0.0203,8.6337,8.0851,0.5457,-0.5038
2.900,-1.2262,2.1635,2.0558,-1.1879,2.1245,2.0367,0.8167,0.0102,-0.0165,8.5108,7.8434,0.7735,-0.5034
3.000,-1.2638,2.2351,2.0524,-1.2252,2.1963,2.0350,0.8121,0.0103,-0.0113,8.4369,7.6460,1.0043,-0.5088
3.100,-1.3009,2.3064,2.0489,-1.2621,2.2676,2.0330,0.8067,0.0110,-0.0171,8.3672,7.5049,1.2037,-0.4459
3.200,-1.3375,2.3773,2.0452,-1.2988,2.3384,2.0307,0.8014,0.0124,-0.0282,8.2813,7.3725,1.4190,-0.3195
3.300,-1.3736,2.4480,2.0414,-1.3351,2.4088,2.0283,0.7960,0.0129,-0.0067,8.2607,7.1618,1.7780,-0.3242
3.400,-1.4092,2.5183,2.0374,-1.3708,2.4789,2.0256,0.7903,0.0115,-0.0236,8.1762,7.0513,1.8197,-0.3323
3.500,-1.4443,2.5883,2.0333,-1.4057,2.5486,2.0226,0.7844,0.0094,-0.0372,8.1018,6.9349,1.8291,-0.4032
3.600,-1.4788,2.6579,2.0289,-1.4399,2.6180,2.0196,0.7787,0.0075,-0.0218,8.0683,6.7328,2.0070,-0.5480
3.700,-1.5128,2.7272,2.0244,-1.4736,2.6872,2.0163,0.7732,0.0055,-0.0388,7.9573,6.5894,1.9995,-0.6174
3.800,-1.5462,2.7961,2.0198,-1.5065,2.7560,2.0128,0.7673,0.0024,-0.0302,7.9090,6.3990,2.0591,-0.8297
3.900,-1.5790,2.8646,2.0149,-1.5385,2.8246,2.0090,0.7611,-0.0006,-0.0103,7.8948,6.1954,2.1666,-1.0843
4.000,-1.6112,2.9328,2.0099,-1.5699,2.8927,2.0049,0.7551,-0.0021,-0.0233,7.8041,6.0568,2.1713,-1.1713
4.100,-1.6428,3.0006,2.0046,-1.6009,2.9604,2.0005,0.7491,-0.0026,-0.0349,7.7044,5.9034,2.2292,-1.2162
4.200,-1.6738,3.0679,1.9992,-1.6312,3.0278,1.9960,0.7165,-0.0036,-0.0503,8.8191,6.9715,2.2423,-1.2922
4.300,-1.7042,3.1349,1.9935,-1.6607,3.0947,1.9914,0.7236,-0.0050,-0.0517,8.1320,6.1787,2.3273,-1.4096
4.400,-1.7339,3.2014,1.9877,-1.6900,3.1617,1.9866,0.7276,-0.0051,-0.0671,7.5290,5.5239,2.4177,-1.4181
4.500,-1.7629,3.2675,1.9816,-1.7191,3.2288,1.9816,0.7290,-0.0044,-0.0291,7.1172,4.8450,2.8186,-1.5284
4.600,-1.7913,3.3332,1.9752,-1.7475,3.2955,1.9763,0.7258,-0.0048,-0.0573,6.7865,4.5081,2.8428,-1.5158
4.700,-1.8189,3.3985,1.9687,-1.7749,3.3613,1.9706,0.7180,-0.0063,-0.0588,6.7357,4.3426,2.9247,-1.6536
4.800,-1.8459,3.4632,1.9619,-1.8013,3.4262,1.9648,0.7076,-0.0073,-0.0701,6.8105,4.3350,2.9917,-1.7442
4.900,-1.8722,3.5276,1.9548,-1.8269,3.4901,1.9588,0.6969,-0.0076,-0.0652,6.9539,4.3294,3.1768,-1.8439
5.000,-1.8977,3.5915,1.9475,-1.8517,3.5534,1.9525,0.6869,-0.0088,-0.0568,7.0860,4.2956,3.3359,-2.0024
5.100,-1.9225,3.6549,1.9399,-1.8754,3.6161,1.9459,0.6778,-0.0107,-0.0694,7.1386,4.2606,3.3468,-2.1590
5.200,-1.9466,3.7178,1.9321,-1.8983,3.6784,1.9389,0.6701,-0.0123,-0.0641,7.1596,4.1229,3.4532,-2.3563
5.300,-1.9699,3.7802,1.9239,-1.9207,3.7403,1.9317,0.6637,-0.0125,-0.0736,7.0799,3.9388,3.5709,-2.4382
5.400,-1.9924,3.8422,1.9155,-1.9424,3.8020,1.9241,0.6580,-0.0125,-0.0630,6.9955,3.6705,3.7943,-2.5666
5.500,-2.0142,3.9036,1.9067,-1.9634,3.8633,1.9163,0.6520,-0.0139,-0.0786,6.8688,3.4537,3.8292,-2.7041
5.600,-2.0352,3.9646,1.8976,-1.9835,3.9242,1.9081,0.6457,-0.0145,-0.0804,6.7837,3.2230,3.9672,-2.8446
5.700,-2.0553,4.0250,1.8882,-2.0030,3.9845,1.8996,0.6391,-0.0141,-0.0909,6.6906,3.0116,4.1311,-2.9070
5.800,-2.0747,4.0849,1.8784,-2.0219,4.0444,1.8908,0.6323,-0.0136,-0.0836,6.6423,2.7739,4.3901,-3.0103
5.900,-2.0932,4.1443,1.8682,-2.0399,4.1036,1.8817,0.6248,-0.0143,-0.0886,6.6049,2.5869,4.5389,-3.1478
6.000,-2.1109,4.2032,1.8577,-2.0569,4.1623,1.8721,0.6170,-0.0151,-0.1084,6.5680,2.4494,4.6187,-3.2603
6.100,-2.1278,4.2615,1.8468,-2.0733,4.2204,1.8623,0.6093,-0.0147,-0.0998,6.5792,2.2505,4.8924,-3.3885
6.200,-2.1438,4.3193,1.8355,-2.0890,4.2780,1.8521,0.6019,-0.0141,-0.0993,6.5643,2.0499,5.1586,-3.4777
6.300,-2.1590,4.3765,1.8238,-2.1038,4.3350,1.8415,0.5944,-0.0147,-0.1074,6.5417,1.8675,5.3299,-3.6121
6.400,-2.1733,4.4331,1.8117,-2.1175,4.3914,1.8305,0.5867,-0.0157,-0.1100,6.5426,1.6827,5.4982,-3.7991
6.500,-2.1867,4.4892,1.7991,-2.1306,4.4473,1.8191,0.5793,-0.0158,-0.1137,6.5364,1.4897,5.7227,-3.9318
6.600,-2.1992,4.5448,1.7861,-2.1429,4.5026,1.8073,0.5723,-0.0149,-0.1150,6.5200,1.2730,6.0214,-4.0163
6.700,-2.2108,4.5997,1.7725,-2.1543,4.5575,1.7951,0.5651,-0.0155,-0.1317,6.4871,1.0875,6.1883,-4.1414
6.800,-2.2216,4.6541,1.7585,-2.1647,4.6117,1.7825,0.5576,-0.0167,-0.1194,6.5254,0.8632,6.4394,-4.3925
6.900,-2.2314,4.7079,1.7440,-2.1743,4.6653,1.7694,0.5502,-0.0172,-0.1341,6.5262,0.6922,6.6325,-4.5282
7.000,-2.2403,4.7611,1.7290,-2.1831,4.7184,1.7559,0.5431,-0.0167,-0.1431,6.5266,0.4958,6.9072,-4.6301
7.100,-2.2483,4.8138,1.7134,-2.1910,4.7709,1.7420,0.5360,-0.0169,-0.1358,6.5593,0.2672,7.2269,-4.8102
7.200,-2.2553,4.8658,1.6972,-2.1979,4.8228,1.7276,0.5287,-0.0180,-0.1548,6.5734,0.1069,7.3966,-4.9742
7.300,-2.2614,4.9172,1.6805,-2.2039,4.8741,1.7128,0.5214,-0.0187,-0.1573,6.6233,-0.0807,7.6600,-5.1651
7.400,-2.2666,4.9680,1.6632,-2.2090,4.9248,1.6975,0.5146,-0.0192,-0.1593,6.6590,-0.2895,7.9457,-5.3470
7.500,-2.2708,5.0182,1.6453,-2.2132,4.9749,1.6817,0.5079,-0.0195,-0.1448,6.7231,-0.5298,8.3110,-5.5641
7.600,-2.2740,5.0678,1.6268,-2.2165,5.0244,1.6654,0.5011,-0.0198,-0.1691,6.7441,-0.6812,8.5302,-5.6747
7.700,-2.2763,5.1168,1.6076,-2.2189,5.0733,1.6486,0.4943,-0.0204,-0.1740,6.8040,-0.8652,8.8207,-5.8508
7.800,-2.2776,5.1651,1.5878,-2.2202,5.1217,1.6314,0.4880,-0.0214,-0.1810,6.8524,-1.0571,9.0860,-6.0451
7.900,-2.2779,5.2128,1.5674,-2.2205,5.1695,1.6137,0.4819,-0.0228,-0.1849,6.8983,-1.2639,9.3463,-6.2684
8.000,-2.2773,5.2599,1.5463,-2.2198,5.2166,1.5955,0.4759,-0.0242,-0.1798,6.9688,-1.4779,9.6378,-6.5211
8.100,-2.2756,5.3064,1.5245,-2.2181,5.2632,1.5768,0.4698,-0.0257,-0.1992,7.0155,-1.6318,9.8374,-6.7052
8.200,-2.2730,5.3522,1.5021,-2.2153,5.3092,1.5577,0.4641,-0.0273,-0.1812,7.1141,-1.8609,10.1689,-7.0008
8.300,-2.2694,5.3974,1.4789,-2.2115,5.3546,1.5380,0.4587,-0.0290,-0.2016,7.1479,-2.0197,10.3454,-7.1926
8.400,-2.2647,5.4419,1.4552,-2.2066,5.3993,1.5178,0.4534,-0.0302,-0.1865,7.2415,-2.2369,10.6820,-7.4506
8.500,-2.2591,5.4858,1.4307,-2.2007,5.4435,1.4972,0.4481,-0.0319,-0.2053,7.3017,-2.3677,10.8603,-7.6378
8.600,-2.2525,5.5291,1.4056,-2.1937,5.4870,1.4761,0.4430,-0.0336,-0.2088,7.3823,-2.5250,11.0959,-7.8572
8.700,-2.2448,5.5716,1.3798,-2.1857,5.5299,1.4546,0.4385,-0.0354,-0.2231,7.4349,-2.6675,11.2833,-8.0431
8.800,-2.2361,5.6136,1.3535,-2.1767,5.5722,1.4327,0.4341,-0.0372,-0.2247,7.5068,-2.8271,11.5135,-8.2558
8.900,-2.2264,5.6549,1.3265,-2.1666,5.6138,1.4104,0.4299,-0.0382,-0.2273,7.5885,-2.9657,11.7744,-8.4163
9.000,-2.2157,5.6955,1.2989,-2.1556,5.6548,1.3877,0.4258,-0.0400,-0.2313,7.6709,-3.0886,11.9851,-8.5984
9.100,-2.2039,5.7355,1.2708,-2.1434,5.6952,1.3646,0.4223,-0.0414,-0.2531,7.7107,-3.1817,12.1421,-8.6955
9.200,-2.1912,5.7748,1.2422,-2.1302,5.7349,1.3413,0.4191,-0.0438,-0.2296,7.8131,-3.3555,12.4026,-8.9634
9.300,-2.1773,5.8135,1.2131,-2.1159,5.7740,1.3175,0.4159,-0.0461,-0.2454,7.8681,-3.4293,12.5144,-9.0981
9.400,-2.1625,5.8515,1.1836,-2.1006,5.8125,1.2934,0.4130,-0.0476,-0.2320,7.9671,-3.5431,12.7595,-9.2601
9.500,-2.1466,5.8888,1.1538,-2.0842,5.8502,1.2690,0.4106,-0.0499,-0.2497,8.0118,-3.5892,12.8292,-9.3641
9.600,-2.1297,5.9255,1.1236,-2.0667,5.8874,1.2443,0.4085,-0.0524,-0.2426,8.0823,-3.6778,12.9679,-9.5297
9.700,-2.1118,5.9615,1.0931,-2.0481,5.9238,1.2194,0.4065,-0.0547,-0.2602,8.1263,-3.6931,13.0107,-9.6004
9.800,-2.0928,5.9968,1.0625,-2.0286,5.9595,1.1944,0.4047,-0.0567,-0.2644,8.1987,-3.7101,13.1082,-9.6738
9.900,-2.0728,6.0315,1.0317,-2.0080,5.9946,1.1691,0.4034,-0.0585,-0.2614,8.2716,-3.7336,13.2221,-9.7445
10.000,-2.0517,6.0655,1.0009,-1.9864,6.0290,1.1437,0.4027,-0.0599,-0.2492,8.3413,-3.7730,13.3732,-9.8021
10.100,-2.0296,6.0989,0.9701,-1.9637,6.0628,1.1182,0.3877,-0.0599,-0.2608,9.1050,-3.0241,13.4534,-9.7501
10.200,-2.0065,6.1315,0.9393,-1.9400,6.0959,1.0925,0.3947,-0.0631,-0.2676,8.7813,-3.3521,13.4254,-9.7863
10.300,-1.9823,6.1636,0.9087,-1.9151,6.1286,1.0669,0.4008,-0.0658,-0.2577,8.5287,-3.6496,13.4635,-9.8341
10.400,-1.9571,6.1949,0.8782,-1.8890,6.1609,1.0411,0.4060,-0.0678,-0.2590,8.2981,-3.8673,13.4711,-9.8018
10.500,-1.9308,6.2256,0.8481,-1.8617,6.1926,1.0154,0.4087,-0.0704,-0.2672,8.1966,-3.9162,13.3927,-9.7795
10.600,-1.9035,6.2556,0.8182,-1.8336,6.2233,0.9897,0.4088,-0.0725,-0.2756,8.2480,-3.7973,13.3174,-9.7258
10.700,-1.8752,6.2850,0.7887,-1.8047,6.2530,0.9641,0.4078,-0.0744,-0.2439,8.4530,-3.6478,13.3858,-9.7636
10.800,-1.8459,6.3137,0.7596,-1.7750,6.2818,0.9385,0.4068,-0.0762,-0.2652,8.6029,-3.3513,13.2281,-9.6407
10.900,-1.8155,6.3417,0.7310,-1.7445,6.3097,0.9130,0.4066,-0.0780,-0.2491,8.7953,-3.1265,13.1957,-9.6111
11.000,-1.7841,6.3691,0.7029,-1.7130,6.3368,0.8877,0.3929,-0.0765,-0.2512,9.6593,-2.1583,13.2096,-9.3980
11.100,-1.7516,6.3958,0.6753,-1.6805,6.3634,0.8625,0.4028,-0.0791,-0.2697,9.3205,-2.3094,12.9872,-9.2612
11.200,-1.7182,6.4219,0.6484,-1.6468,6.3897,0.8376,0.4126,-0.0813,-0.2467,9.0423,-2.5357,12.9383,-9.2109
11.300,-1.6837,6.4473,0.6220,-1.6116,6.4157,0.8128,0.4216,-0.0830,-0.2505,8.7517,-2.6658,12.7774,-9.0648
11.400,-1.6482,6.4721,0.5962,-1.5754,6.4411,0.7883,0.4282,-0.0843,-0.2424,8.6112,-2.6777,12.6686,-8.9277
11.500,-1.6117,6.4962,0.5711,-1.5385,6.4657,0.7640,0.4322,-0.0852,-0.2511,8.5943,-2.4972,12.4911,-8.7275
11.600,-1.5741,6.5196,0.5467,-1.5008,6.4895,0.7401,0.4347,-0.0862,-0.2253,8.7300,-2.2778,12.4290,-8.6293
11.700,-1.5356,6.5424,0.5229,-1.4623,6.5123,0.7163,0.4367,-0.0873,-0.2239,8.8786,-1.9484,12.2427,-8.4697
11.800,-1.4961,6.5646,0.4998,-1.4231,6.5343,0.6928,0.4391,-0.0882,-0.2391,9.0099,-1.5673,11.9751,-8.2596
11.900,-1.4556,6.5862,0.4773,-1.3831,6.5556,0.6698,0.4425,-0.0889,-0.2389,9.1306,-1.2470,11.7720,-8.0808
12.000,-1.4140,6.6071,0.4555,-1.3420,6.5763,0.6471,0.4475,-0.0890,-0.2258,9.2036,-1.0150,11.6470,-7.9016
12.100,-1.3715,6.6273,0.4344,-1.2999,6.5964,0.6247,0.4535,-0.0894,-0.2398,9.1818,-0.7715,11.3773,-7.6638
12.200,-1.3280,6.6470,0.4140,-1.2568,6.6160,0.6027,0.4600,-0.0903,-0.2294,9.1811,-0.5937,11.1732,-7.5264
12.300,-1.2836,6.6660,0.3942,-1.2126,6.6350,0.5812,0.4669,-0.0909,-0.2361,9.1411,-0.3887,10.9091,-7.3217
12.400,-1.2381,6.6844,0.3750,-1.1674,6.6534,0.5601,0.4740,-0.0912,-0.1988,9.1616,-0.2829,10.8380,-7.2297
12.500,-1.1917,6.7021,0.3565,-1.1212,6.6713,0.5392,0.4812,-0.0914,-0.2023,9.1173,-0.0845,10.5740,-7.0295
12.600,-1.1443,6.7193,0.3386,-1.0741,6.6885,0.5187,0.4881,-0.0915,-0.2207,9.0698,0.1697,10.2386,-6.7876
12.700,-1.0960,6.7358,0.3213,-1.0262,6.7053,0.4987,0.4948,-0.0893,-0.1954,9.1170,0.3534,10.2202,-6.5449
12.800,-1.0468,6.7518,0.3046,-0.9773,6.7212,0.4791,0.5014,-0.0908,-0.1749,9.1623,0.5525,9.9716,-6.4992
12.900,-0.9966,6.7671,0.2885,-0.9274,6.7365,0.4597,0.5085,-0.0905,-0.1937,9.1233,0.8216,9.6236,-6.2579
13.000,-0.9454,6.7819,0.2729,-0.8767,6.7514,0.4409,0.5156,-0.0899,-0.1814,9.1422,1.0289,9.4315,-6.0897
13.100,-0.8934,6.7960,0.2578,-0.8250,6.7656,0.4225,0.5225,-0.0899,-0.1722,9.1730,1.2561,9.1893,-5.9561
13.200,-0.8404,6.8096,0.2433,-0.7725,6.7789,0.4045,0.5295,-0.0906,-0.1739,9.1828,1.5040,8.8453,-5.8445
13.300,-0.7865,6.8225,0.2293,-0.7190,6.7918,0.3869,0.5371,-0.0901,-0.1807,9.1606,1.7394,8.5346,-5.6625
13.400,-0.7317,6.8349,0.2158,-0.6647,6.8043,0.3698,0.5250,-0.0850,-0.1676,10.1233,2.8744,8.5303,-5.3373
13.500,-0.6760,6.8467,0.2027,-0.6095,6.8163,0.3531,0.5428,-0.0849,-0.1653,9.6270,2.5969,8.2718,-5.1771
13.600,-0.6194,6.8580,0.1901,-0.5529,6.8278,0.3368,0.5583,-0.0855,-0.1562,9.2362,2.3943,7.9960,-5.0930
13.700,-0.5620,6.8687,0.1780,-0.4950,6.8388,0.3210,0.5511,-0.0822,-0.1590,9.8934,3.2799,7.8182,-4.8337
13.800,-0.5037,6.8788,0.1663,-0.4362,6.8494,0.3055,0.5513,-0.0789,-0.1552,10.2006,3.7891,7.6931,-4.5724
13.900,-0.4445,6.8884,0.1550,-0.3764,6.8596,0.2905,0.5779,-0.0792,-0.1371,9.2623,2.9959,7.5063,-4.4816
14.000,-0.3844,6.8975,0.1441,-0.3152,6.8691,0.2759,0.5973,-0.0808,-0.1616,8.5677,2.6107,7.0204,-4.3757
14.100,-0.3236,6.9060,0.1336,-0.2530,6.8779,0.2617,0.6105,-0.0815,-0.1290,8.2727,2.3906,6.8426,-4.4100
14.200,-0.2619,6.9139,0.1234,-0.1906,6.8862,0.2479,0.6173,-0.0800,-0.1424,8.2264,2.5994,6.5502,-4.2143
14.300,-0.1994,6.9214,0.1137,-0.1284,6.8939,0.2345,0.6192,-0.0779,-0.1200,8.5261,3.0059,6.4636,-4.0967
14.400,-0.1360,6.9283,0.1042,-0.0664,6.9007,0.2214,0.6192,-0.0769,-0.1221,8.9144,3.5939,6.2038,-3.9746
14.500,-0.0719,6.9347,0.0952,-0.0042,6.9068,0.2087,0.6204,-0.0758,-0.1285,9.2620,4.1572,5.9139,-3.8517
14.600,-0.0070,6.9406,0.0864,0.0586,6.9126,0.1964,0.6244,-0.0732,-0.1269,9.5020,4.5770,5.7561,-3.6657
14.700,0.0587,6.9460,0.0779,0.1223,6.9182,0.1845,0.6308,-0.0701,-0.1195,9.6332,4.8590,5.6756,-3.4576
14.800,0.1252,6.9509,0.0698,0.1868,6.9233,0.1730,0.6389,-0.0683,-0.1091,9.6816,5.0396,5.5485,-3.3318
14.900,0.1924,6.9554,0.0619,0.2525,6.9278,0.1618,0.6482,-0.0670,-0.1006,9.6491,5.1443,5.3874,-3.2304
15.000,0.2604,6.9593,0.0543,0.3192,6.9320,0.1509,0.6581,-0.0652,-0.1204,9.5134,5.2647,5.0929,-3.0350
15.100,0.3291,6.9628,0.0470,0.3869,6.9359,0.1404,0.6675,-0.0629,-0.1060,9.4590,5.3137,5.0325,-2.8976
15.200,0.3985,6.9658,0.0399,0.4553,6.9394,0.1304,0.6756,-0.0617,-0.0985,9.4454,5.4251,4.8788,-2.8121
15.300,0.4687,6.9684,0.0331,0.5244,6.9421,0.1206,0.6828,-0.0616,-0.1134,9.4246,5.6221,4.5400,-2.7344
15.400,0.5395,6.9705,0.0266,0.5941,6.9443,0.1111,0.6898,-0.0605,-0.0889,9.4986,5.7388,4.4716,-2.7211
15.500,0.6110,6.9722,0.0203,0.6644,6.9463,0.1019,0.6963,-0.0581,-0.0911,9.5359,5.9333,4.3279,-2.5641
15.600,0.6832,6.9734,0.0142,0.7353,6.9479,0.0930,0.7022,-0.0565,-0.0890,9.6118,6.1430,4.1745,-2.4615
15.700,0.7561,6.9742,0.0083,0.8068,6.9488,0.0845,0.7080,-0.0560,-0.0700,9.7281,6.3123,4.0569,-2.4777
15.800,0.8296,6.9746,0.0027,0.8789,6.9493,0.0761,0.7143,-0.0548,-0.0824,9.7486,6.5248,3.7941,-2.3731
15.900,0.9038,6.9746,-0.0028,0.9516,6.9497,0.0680,0.7208,-0.0522,-0.0771,9.7883,6.6765,3.7126,-2.2405
16.000,0.9785,6.9742,-0.0080,1.0250,6.9497,0.0602,0.7270,-0.0501,-0.0738,9.8362,6.8381,3.6147,-2.1209
16.100,1.0539,6.9734,-0.0131,1.0989,6.9492,0.0528,0.7330,-0.0493,-0.0762,9.8771,7.0125,3.4133,-2.0668
16.200,1.1299,6.9722,-0.0179,1.1734,6.9482,0.0456,0.7393,-0.0483,-0.1064,9.8344,7.2269,3.0598,-1.9285
16.300,1.2065,6.9707,-0.0226,1.2486,6.9471,0.0388,0.7457,-0.0459,-0.0605,9.9543,7.2504,3.2478,-1.9249
16.400,1.2836,6.9688,-0.0271,1.3243,6.9457,0.0322,0.7515,-0.0436,-0.0570,9.9983,7.3901,3.1934,-1.7963
16.500,1.3613,6.9665,-0.0314,1.4005,6.9439,0.0257,0.7568,-0.0428,-0.0729,10.0127,7.5887,2.9295,-1.7077
16.600,1.4395,6.9639,-0.0356,1.4772,6.9415,0.0195,0.7350,-0.0409,-0.0437,11.3709,8.9133,2.9848,-1.7168
16.700,1.5183,6.9609,-0.0396,1.5546,6.9390,0.0135,0.7551,-0.0398,-0.0635,10.6781,8.4237,2.7133,-1.5993
16.800,1.5976,6.9576,-0.0434,1.6331,6.9362,0.0077,0.7715,-0.0381,-0.0506,10.2007,7.9908,2.6949,-1.5328
16.900,1.6773,6.9540,-0.0471,1.7127,6.9330,0.0021,0.7843,-0.0378,-0.0457,9.8361,7.7015,2.5496,-1.5341
17.000,1.7576,6.9501,-0.0506,1.7927,6.9292,-0.0033,0.7926,-0.0379,-0.0578,9.6309,7.6477,2.2785,-1.5154
17.100,1.8383,6.9458,-0.0540,1.8728,6.9253,-0.0084,0.7968,-0.0362,-0.0576,9.6522,7.7623,2.1754,-1.4402
17.200,1.9195,6.9413,-0.0572,1.9527,6.9213,-0.0133,0.7981,-0.0339,-0.0439,9.8590,7.9951,2.2029,-1.3629
17.300,2.0012,6.9365,-0.0603,2.0325,6.9170,-0.0180,0.7982,-0.0325,-0.0423,10.1087,8.3237,2.1117,-1.3030
17.400,2.0832,6.9314,-0.0633,2.1124,6.9123,-0.0225,0.7992,-0.0318,-0.0442,10.3194,8.6288,1.9595,-1.2747
17.500,2.1657,6.9261,-0.0661,2.1927,6.9075,-0.0269,0.8019,-0.0304,-0.0492,10.4371,8.8554,1.8286,-1.1972
17.600,2.2486,6.9205,-0.0688,2.2734,6.9026,-0.0310,0.8059,-0.0280,-0.0403,10.5175,8.9764,1.8548,-1.0936
17.700,2.3318,6.9147,-0.0713,2.3547,6.8975,-0.0350,0.8104,-0.0264,-0.0488,10.5181,9.0975,1.7318,-0.9859
17.800,2.4154,6.9086,-0.0737,2.4364,6.8920,-0.0387,0.8155,-0.0262,-0.0284,10.5514,9.1051,1.7277,-1.0391
17.900,2.4994,6.9023,-0.0760,2.5188,6.8862,-0.0424,0.8209,-0.0253,-0.0467,10.4529,9.1718,1.5043,-0.9465
18.000,2.5837,6.8958,-0.0782,2.6016,6.8804,-0.0459,0.8260,-0.0233,-0.0267,10.4449,9.1420,1.5955,-0.8971
18.100,2.6684,6.8890,-0.0803,2.6848,6.8745,-0.0492,0.8301,-0.0218,-0.0245,10.4280,9.1881,1.5507,-0.8214
18.200,2.7533,6.8821,-0.0822,2.7682,6.8682,-0.0524,0.8336,-0.0218,-0.0195,10.4406,9.2469,1.4410,-0.8426
18.300,2.8385,6.8750,-0.0841,2.8519,6.8616,-0.0556,0.8371,-0.0214,-0.0201,10.4317,9.3122,1.3035,-0.8383
18.400,2.9240,6.8677,-0.0858,2.9360,6.8550,-0.0586,0.8403,-0.0195,-0.0097,10.4442,9.3473,1.3222,-0.7762
18.500,3.0098,6.8603,-0.0874,3.0203,6.8483,-0.0614,0.8430,-0.0179,-0.0348,10.3892,9.4888,1.1049,-0.6176
18.600,3.0958,6.8527,-0.0889,3.1047,6.8414,-0.0640,0.8453,-0.0177,-0.0223,10.4379,9.5394,1.0671,-0.6518
18.700,3.1820,6.8450,-0.0903,3.1894,6.8341,-0.0664,0.8479,-0.0175,-0.0182,10.4455,9.5877,0.9790,-0.6620
18.800,3.2684,6.8371,-0.0916,3.2744,6.8270,-0.0687,0.8507,-0.0157,-0.0433,10.3560,9.6879,0.7802,-0.4978
18.900,3.3551,6.8291,-0.0927,3.3596,6.8198,-0.0708,0.8531,-0.0136,-0.0291,10.3725,9.6948,0.8726,-0.4240
19.000,3.4419,6.8209,-0.0938,3.4450,6.8125,-0.0726,0.8550,-0.0130,-0.0125,10.4085,9.7027,0.9176,-0.4326
19.100,3.5289,6.8127,-0.0948,3.5305,6.8050,-0.0744,0.8571,-0.0130,-0.0266,10.3522,9.7730,0.7166,-0.3914
19.200,3.6160,6.8044,-0.0956,3.6163,6.7974,-0.0761,0.8593,-0.0118,-0.0154,10.3343,9.7584,0.7378,-0.3638
19.300,3.7032,6.7960,-0.0964,3.7022,6.7899,-0.0777,0.8612,-0.0101,-0.0259,10.2676,9.8025,0.6584,-0.2314
19.400,3.7906,6.7875,-0.0970,3.7883,6.7823,-0.0791,0.8625,-0.0097,-0.0050,10.2980,9.7827,0.7205,-0.2653
